timeStamp,elapsed,label,responseCode,responseMessage,dataType,success,grpThreads,allThreads,Latency,Hostname
1448352069833,98,Register User,200,OK,text,true,66,66,91,ip-172-31-5-218
1448352069687,243,Register User,200,OK,text,true,66,66,237,ip-172-31-5-218
1448352069573,369,Register User,200,OK,text,true,66,66,369,ip-172-31-5-218
1448352069832,113,Register User,200,OK,text,true,66,66,92,ip-172-31-5-218
1448352069589,361,Register User,200,OK,text,true,67,67,340,ip-172-31-5-218
1448352069831,120,Register User,200,OK,text,true,67,67,96,ip-172-31-5-218
1448352069772,180,Register User,200,OK,text,true,67,67,161,ip-172-31-5-218
1448352069589,363,Register User,200,OK,text,true,67,67,341,ip-172-31-5-218
1448352069585,345,Register User,200,OK,text,true,66,66,339,ip-172-31-5-218
1448352069853,102,Register User,200,OK,text,true,67,67,102,ip-172-31-5-218
1448352069581,374,Register User,200,OK,text,true,67,67,349,ip-172-31-5-218
1448352069586,370,Register User,200,OK,text,false,67,67,368,ip-172-31-5-218
1448352069750,182,Register User,200,OK,text,true,66,66,174,ip-172-31-5-218
1448352069715,216,Register User,200,OK,text,true,66,66,208,ip-172-31-5-218
1448352069580,353,Register User,200,OK,text,true,65,65,344,ip-172-31-5-218
1448352069587,376,Register User,200,OK,text,true,68,68,347,ip-172-31-5-218
1448352069676,250,Register User,200,OK,text,true,66,66,250,ip-172-31-5-218
1448352069714,215,Register User,200,OK,text,true,65,65,210,ip-172-31-5-218
1448352069623,347,Register User,200,OK,text,true,68,68,312,ip-172-31-5-218
1448352069586,387,Register User,200,OK,text,true,68,68,338,ip-172-31-5-218
1448352069640,339,Register User,200,OK,text,true,69,69,309,ip-172-31-5-218
1448352069735,245,Register User,200,OK,text,true,69,69,195,ip-172-31-5-218
1448352069588,393,Register User,200,OK,text,true,69,69,347,ip-172-31-5-218
1448352069732,257,Register User,200,OK,text,true,70,70,204,ip-172-31-5-218
1448352069884,109,Register User,200,OK,text,true,70,70,103,ip-172-31-5-218
1448352069688,312,Register User,200,OK,text,true,71,71,247,ip-172-31-5-218
1448352069715,286,Register User,200,OK,text,true,71,71,216,ip-172-31-5-218
1448352069589,419,Register User,200,OK,text,true,72,72,349,ip-172-31-5-218
1448352069934,80,Register User,200,OK,text,true,72,72,61,ip-172-31-5-218
1448352069953,64,User Login,200,OK,text,false,72,72,64,ip-172-31-5-218
1448352069955,66,User Login,200,OK,text,false,73,73,66,ip-172-31-5-218
1448352069655,367,Register User,200,OK,text,true,73,73,280,ip-172-31-5-218
1448352069944,80,User Login,200,OK,text,false,73,73,80,ip-172-31-5-218
1448352069972,53,User Login,200,OK,text,false,73,73,53,ip-172-31-5-218
1448352069635,390,Register User,200,OK,text,false,73,73,307,ip-172-31-5-218
1448352069617,409,Register User,200,OK,text,true,73,73,311,ip-172-31-5-218
1448352069953,75,User Login,200,OK,text,false,73,73,75,ip-172-31-5-218
1448352069954,68,User Login,200,OK,text,false,73,73,68,ip-172-31-5-218
1448352069719,310,Register User,200,OK,text,true,73,73,217,ip-172-31-5-218
1448352069974,60,Register User,200,OK,text,true,74,74,51,ip-172-31-5-218
1448352069984,53,User Login,200,OK,text,false,74,74,53,ip-172-31-5-218
1448352070002,38,User Login,200,OK,text,false,74,74,38,ip-172-31-5-218
1448352069637,403,Register User,200,OK,text,true,74,74,316,ip-172-31-5-218
1448352069574,470,Register User,200,OK,text,true,75,75,371,ip-172-31-5-218
1448352069693,351,Register User,200,OK,text,true,75,75,247,ip-172-31-5-218
1448352070027,25,User Login,200,OK,text,false,75,75,25,ip-172-31-5-218
1448352069704,352,Register User,200,OK,text,true,76,76,250,ip-172-31-5-218
1448352070034,25,User Login,200,OK,text,false,76,76,25,ip-172-31-5-218
1448352069782,278,Register User,200,OK,text,true,76,76,161,ip-172-31-5-218
1448352070023,37,User Login,200,OK,text,false,76,76,37,ip-172-31-5-218
1448352069762,299,Register User,200,OK,text,true,76,76,182,ip-172-31-5-218
1448352070042,19,User Login,200,OK,text,false,76,76,19,ip-172-31-5-218
1448352070024,39,Update Contact Info,200,OK,text,false,76,76,39,ip-172-31-5-218
1448352070029,35,Update Contact Info,200,OK,text,false,76,76,35,ip-172-31-5-218
1448352070033,26,User Login,200,OK,text,false,76,76,26,ip-172-31-5-218
1448352070028,38,Update Contact Info,200,OK,text,false,76,76,38,ip-172-31-5-218
1448352070018,50,Update Contact Info,200,OK,text,false,77,77,50,ip-172-31-5-218
1448352069749,322,Register User,200,OK,text,true,77,77,198,ip-172-31-5-218
1448352070013,60,Register User,200,OK,text,true,77,77,60,ip-172-31-5-218
1448352070053,28,Update Contact Info,200,OK,text,false,77,77,28,ip-172-31-5-218
1448352069705,381,Register User,200,OK,text,true,78,78,237,ip-172-31-5-218
1448352070072,38,User Login,200,OK,text,false,79,79,37,ip-172-31-5-218
1448352069990,124,User Login,200,OK,text,false,79,79,124,ip-172-31-5-218
1448352070000,118,Register User,200,OK,text,true,80,80,11,ip-172-31-5-218
1448352070088,22,User Login,200,OK,text,false,80,80,22,ip-172-31-5-218
1448352069713,399,Register User,200,OK,text,true,80,80,231,ip-172-31-5-218
1448352070114,5,Update Contact Info,200,OK,text,false,80,80,5,ip-172-31-5-218
1448352070015,105,User Login,200,OK,text,false,80,80,105,ip-172-31-5-218
1448352069750,370,Register User,200,OK,text,true,80,80,193,ip-172-31-5-218
1448352070030,92,User Login,200,OK,text,false,80,80,92,ip-172-31-5-218
1448352070062,61,Update Contact Info,200,OK,text,false,80,80,61,ip-172-31-5-218
1448352070060,64,Update Contact Info,200,OK,text,false,80,80,64,ip-172-31-5-218
1448352070062,62,User Login,200,OK,text,false,80,80,62,ip-172-31-5-218
1448352070045,80,User Login,200,OK,text,false,81,81,80,ip-172-31-5-218
1448352070066,61,Update Contact Info,200,OK,text,false,81,81,61,ip-172-31-5-218
1448352070061,67,User Login,200,OK,text,false,81,81,67,ip-172-31-5-218
1448352070058,70,User Login,200,OK,text,false,81,81,70,ip-172-31-5-218
1448352069750,378,Register User,200,OK,text,true,81,81,196,ip-172-31-5-218
1448352069980,150,User Login,200,OK,text,false,81,81,150,ip-172-31-5-218
1448352069942,189,User Login,200,OK,text,false,81,81,189,ip-172-31-5-218
1448352069608,522,Register User,200,OK,text,true,81,81,338,ip-172-31-5-218
1448352070065,67,Logout,200,OK,text,false,81,81,58,ip-172-31-5-218
1448352070123,9,Update Contact Info,200,OK,text,false,81,81,9,ip-172-31-5-218
1448352069970,161,User Login,200,OK,text,false,81,81,161,ip-172-31-5-218
1448352070050,83,Register User,200,OK,text,true,81,81,83,ip-172-31-5-218
1448352069694,441,Register User,200,OK,text,true,82,82,261,ip-172-31-5-218
1448352069958,178,User Login,200,OK,text,false,82,82,178,ip-172-31-5-218
1448352070067,70,Register User,200,OK,text,true,82,82,47,ip-172-31-5-218
1448352070049,89,Register User,200,OK,text,true,82,82,89,ip-172-31-5-218
1448352069659,479,Register User,200,OK,text,true,82,82,284,ip-172-31-5-218
1448352070074,66,User Login,200,OK,text,false,82,82,66,ip-172-31-5-218
1448352069959,178,User Login,200,OK,text,false,82,82,178,ip-172-31-5-218
1448352070119,22,Update Contact Info,200,OK,text,false,82,82,22,ip-172-31-5-218
1448352070126,8,Update Contact Info,200,OK,text,false,82,82,8,ip-172-31-5-218
1448352070114,28,Update Contact Info,200,OK,text,false,82,82,28,ip-172-31-5-218
1448352070120,10,Logout,200,OK,text,false,81,81,10,ip-172-31-5-218
1448352069870,273,Register User,200,OK,text,true,82,82,80,ip-172-31-5-218
1448352070121,23,Update Contact Info,200,OK,text,false,82,82,23,ip-172-31-5-218
1448352070118,27,User Login,200,OK,text,false,82,82,27,ip-172-31-5-218
1448352070129,18,Update Contact Info,200,OK,text,false,82,82,18,ip-172-31-5-218
1448352070133,14,User Login,200,OK,text,false,82,82,14,ip-172-31-5-218
1448352070130,19,User Login,200,OK,text,false,82,82,19,ip-172-31-5-218
1448352070122,27,User Login,200,OK,text,false,82,82,27,ip-172-31-5-218
1448352069730,421,Register User,200,OK,text,true,82,82,217,ip-172-31-5-218
1448352069589,562,Register User,200,OK,text,false,82,82,361,ip-172-31-5-218
1448352070137,16,Update Contact Info,200,OK,text,false,83,83,16,ip-172-31-5-218
1448352070124,30,Logout,200,OK,text,false,83,83,30,ip-172-31-5-218
1448352070134,21,User Login,200,OK,text,false,83,83,21,ip-172-31-5-218
1448352070135,22,User Login,200,OK,text,false,83,83,22,ip-172-31-5-218
1448352070139,19,User Login,200,OK,text,false,83,83,19,ip-172-31-5-218
1448352070134,25,User Login,200,OK,text,false,83,83,25,ip-172-31-5-218
1448352070142,17,Logout,200,OK,text,false,83,83,17,ip-172-31-5-218
1448352069958,204,User Login,200,OK,text,false,83,83,204,ip-172-31-5-218
1448352069952,211,User Login,200,OK,text,false,83,83,211,ip-172-31-5-218
1448352070152,11,User Login,200,OK,text,false,83,83,11,ip-172-31-5-218
1448352069933,227,Register User,200,OK,text,true,84,84,62,ip-172-31-5-218
1448352070150,16,Update Contact Info,200,OK,text,false,84,84,16,ip-172-31-5-218
1448352069961,205,User Login,200,OK,text,false,84,84,205,ip-172-31-5-218
1448352069946,222,User Login,200,OK,text,false,84,84,222,ip-172-31-5-218
1448352070163,5,Update Contact Info,200,OK,text,false,84,84,5,ip-172-31-5-218
1448352069753,416,Register User,200,OK,text,true,84,84,202,ip-172-31-5-218
1448352070155,14,User Login,200,OK,text,false,84,84,14,ip-172-31-5-218
1448352069950,220,User Login,200,OK,text,false,84,84,220,ip-172-31-5-218
1448352070160,10,Update Contact Info,200,OK,text,false,84,84,10,ip-172-31-5-218
1448352069968,203,User Login,200,OK,text,false,84,84,203,ip-172-31-5-218
1448352070164,8,Update Contact Info,200,OK,text,false,84,84,8,ip-172-31-5-218
1448352070139,33,User Login,200,OK,text,false,84,84,33,ip-172-31-5-218
1448352070166,7,User Login,200,OK,text,false,84,84,7,ip-172-31-5-218
1448352070141,33,Update Contact Info,200,OK,text,false,84,84,33,ip-172-31-5-218
1448352069691,484,Register User,200,OK,text,true,84,84,267,ip-172-31-5-218
1448352070169,6,Logout,200,OK,text,false,84,84,6,ip-172-31-5-218
1448352070155,22,Update Contact Info,200,OK,text,false,85,85,22,ip-172-31-5-218
1448352070153,25,Logout,200,OK,text,false,85,85,25,ip-172-31-5-218
1448352069972,206,Register User,200,OK,text,true,85,85,53,ip-172-31-5-218
1448352070171,8,Logout,200,OK,text,false,85,85,8,ip-172-31-5-218
1448352070132,49,Update Contact Info,200,OK,text,false,85,85,49,ip-172-31-5-218
1448352070145,36,Logout,200,OK,text,false,85,85,36,ip-172-31-5-218
1448352069655,527,Register User,200,OK,text,true,85,85,298,ip-172-31-5-218
1448352070177,6,Logout,200,OK,text,false,85,85,6,ip-172-31-5-218
1448352070148,36,User Login,200,OK,text,false,85,85,36,ip-172-31-5-218
1448352070118,67,Register User,200,OK,text,true,85,85,67,ip-172-31-5-218
1448352070144,43,Logout,200,OK,text,false,86,86,43,ip-172-31-5-218
1448352069966,222,Register User,200,OK,text,true,86,86,25,ip-172-31-5-218
1448352070151,38,User Login,200,OK,text,false,86,86,38,ip-172-31-5-218
1448352070184,6,User Login,200,OK,text,false,86,86,6,ip-172-31-5-218
1448352069650,542,Register User,200,OK,text,true,86,86,301,ip-172-31-5-218
1448352070175,19,User Login,200,OK,text,false,86,86,19,ip-172-31-5-218
1448352069967,233,User Login,200,OK,text,false,87,87,233,ip-172-31-5-218
1448352070182,18,User Login,200,OK,text,false,87,87,18,ip-172-31-5-218
1448352069994,207,User Login,200,OK,text,false,87,87,207,ip-172-31-5-218
1448352070174,6,Update Contact Info,200,OK,text,false,85,85,6,ip-172-31-5-218
1448352070026,176,Update Contact Info,200,OK,text,false,87,87,176,ip-172-31-5-218
1448352070190,17,Update Contact Info,200,OK,text,false,87,87,17,ip-172-31-5-218
1448352070202,6,Update Contact Info,200,OK,text,false,88,88,6,ip-172-31-5-218
1448352070170,41,Update Contact Info,200,OK,text,false,88,88,41,ip-172-31-5-218
1448352069990,222,Register User,200,OK,text,true,88,88,10,ip-172-31-5-218
1448352070172,9,Logout,200,OK,text,false,85,85,9,ip-172-31-5-218
1448352070003,211,User Login,200,OK,text,false,88,88,211,ip-172-31-5-218
1448352070022,194,Update Contact Info,200,OK,text,false,88,88,194,ip-172-31-5-218
1448352070071,144,Register User,200,OK,text,true,88,88,9,ip-172-31-5-218
1448352070038,179,Update Contact Info,200,OK,text,false,88,88,179,ip-172-31-5-218
1448352070129,88,Update Contact Info,200,OK,text,false,88,88,88,ip-172-31-5-218
1448352070064,154,Logout,200,OK,text,false,88,88,154,ip-172-31-5-218
1448352070082,137,Logout,200,OK,text,false,88,88,137,ip-172-31-5-218
1448352070124,96,Logout,200,OK,text,false,88,88,96,ip-172-31-5-218
1448352070046,175,User Login,200,OK,text,false,88,88,175,ip-172-31-5-218
1448352070203,18,Logout,200,OK,text,false,88,88,18,ip-172-31-5-218
1448352070070,152,Logout,200,OK,text,false,88,88,152,ip-172-31-5-218
1448352070209,14,Logout,200,OK,text,false,88,88,14,ip-172-31-5-218
1448352070160,53,User Login,200,OK,text,false,89,89,53,ip-172-31-5-218
1448352070218,7,Logout,200,OK,text,false,89,89,7,ip-172-31-5-218
1448352070217,9,User Login,200,OK,text,false,89,89,9,ip-172-31-5-218
1448352070133,47,Logout,200,OK,text,false,85,85,47,ip-172-31-5-218
1448352070219,8,User Login,200,OK,text,false,89,89,8,ip-172-31-5-218
1448352070140,40,Update Contact Info,200,OK,text,false,85,85,40,ip-172-31-5-218
1448352069984,222,Register User,200,OK,text,true,87,87,15,ip-172-31-5-218
1448352070146,86,Register User,200,OK,text,true,90,90,86,ip-172-31-5-218
1448352070176,30,User Login,200,OK,text,false,87,87,30,ip-172-31-5-218
1448352070167,30,Update Contact Info,200,OK,text,false,87,87,30,ip-172-31-5-218
1448352070068,138,Logout,200,OK,text,false,87,87,138,ip-172-31-5-218
1448352070163,73,Update Contact Info,200,OK,text,false,90,90,73,ip-172-31-5-218
1448352069957,281,User Login,200,OK,text,true,90,90,281,ip-172-31-5-218
1448352070229,11,Update Contact Info,200,OK,text,false,90,90,11,ip-172-31-5-218
1448352070167,38,Logout,200,OK,text,false,87,87,38,ip-172-31-5-218
1448352070199,6,User Login,200,OK,text,false,87,87,6,ip-172-31-5-218
1448352070229,12,User Login,200,OK,text,false,90,90,12,ip-172-31-5-218
1448352069981,224,User Login,200,OK,text,false,87,87,224,ip-172-31-5-218
1448352070061,144,Update Contact Info,200,OK,text,false,87,87,144,ip-172-31-5-218
1448352070040,164,Update Contact Info,200,OK,text,false,87,87,164,ip-172-31-5-218
1448352070237,7,User Login,200,OK,text,false,91,91,7,ip-172-31-5-218
1448352070189,14,User Login,200,OK,text,false,87,87,14,ip-172-31-5-218
1448352069975,228,User Login,200,OK,text,false,87,87,228,ip-172-31-5-218
1448352070207,40,Logout,200,OK,text,false,91,91,40,ip-172-31-5-218
1448352070010,193,User Login,200,OK,text,false,87,87,193,ip-172-31-5-218
1448352070222,26,Update Contact Info,200,OK,text,false,91,91,26,ip-172-31-5-218
1448352070242,6,Update Contact Info,200,OK,text,false,91,91,6,ip-172-31-5-218
1448352070200,50,Update Contact Info,200,OK,text,false,91,91,50,ip-172-31-5-218
1448352070244,6,Logout,200,OK,text,false,91,91,6,ip-172-31-5-218
1448352070243,8,Logout,200,OK,text,false,91,91,8,ip-172-31-5-218
1448352070219,32,User Login,200,OK,text,false,91,91,32,ip-172-31-5-218
1448352070169,24,User Login,200,OK,text,false,86,86,24,ip-172-31-5-218
1448352070172,80,Update Contact Info,200,OK,text,false,91,91,80,ip-172-31-5-218
1448352070248,5,Update Contact Info,200,OK,text,false,91,91,5,ip-172-31-5-218
1448352070247,7,Update Contact Info,200,OK,text,false,92,92,7,ip-172-31-5-218
1448352070179,14,User Login,200,OK,text,false,86,86,14,ip-172-31-5-218
1448352069965,234,User Login,200,OK,text,false,87,87,234,ip-172-31-5-218
1448352070218,39,Logout,200,OK,text,false,92,92,39,ip-172-31-5-218
1448352070223,36,User Login,200,OK,text,false,92,92,36,ip-172-31-5-218
1448352070221,39,User Login,200,OK,text,false,92,92,39,ip-172-31-5-218
1448352070185,76,Get Product Info,200,OK,text,true,92,92,76,ip-172-31-5-218
1448352070215,47,Update Contact Info,200,OK,text,false,92,92,47,ip-172-31-5-218
1448352070257,6,Update Contact Info,200,OK,text,false,92,92,6,ip-172-31-5-218
1448352070253,12,Update Contact Info,200,OK,text,false,93,93,12,ip-172-31-5-218
1448352070217,51,Logout,200,OK,text,false,93,93,51,ip-172-31-5-218
1448352070249,20,Logout,200,OK,text,false,93,93,20,ip-172-31-5-218
1448352070168,46,Update Contact Info,200,OK,text,false,88,88,46,ip-172-31-5-218
1448352070213,33,User Login,200,OK,text,false,91,91,33,ip-172-31-5-218
1448352070258,13,User Login,200,OK,text,false,93,93,13,ip-172-31-5-218
1448352070202,56,Update Contact Info,200,OK,text,false,92,92,56,ip-172-31-5-218
1448352070255,17,Logout,200,OK,text,false,93,93,17,ip-172-31-5-218
1448352070229,44,Logout,200,OK,text,false,93,93,44,ip-172-31-5-218
1448352070254,19,Logout,200,OK,text,false,93,93,19,ip-172-31-5-218
1448352070238,37,Logout,200,OK,text,false,93,93,37,ip-172-31-5-218
1448352070258,9,Update Contact Info,200,OK,text,false,94,94,9,ip-172-31-5-218
1448352070242,26,Update Contact Info,200,OK,text,false,94,94,26,ip-172-31-5-218
1448352070247,23,Update Contact Info,200,OK,text,false,93,93,23,ip-172-31-5-218
1448352070228,46,User Login,200,OK,text,false,94,94,46,ip-172-31-5-218
1448352070201,78,Get Product Info,200,OK,text,true,94,94,78,ip-172-31-5-218
1448352070170,111,Get Product Info,200,OK,text,true,94,94,111,ip-172-31-5-218
1448352070274,13,Buy Product,200,OK,text,false,95,95,13,ip-172-31-5-218
1448352070248,43,User Login,200,OK,text,false,95,95,43,ip-172-31-5-218
1448352070271,21,Update Contact Info,200,OK,text,false,95,95,21,ip-172-31-5-218
1448352070281,14,Logout,200,OK,text,false,95,95,14,ip-172-31-5-218
1448352070229,68,Get Product Info,200,OK,text,true,95,95,68,ip-172-31-5-218
1448352070245,54,Get Product Info,200,OK,text,true,95,95,54,ip-172-31-5-218
1448352070212,88,Logout,200,OK,text,false,95,95,88,ip-172-31-5-218
1448352070253,50,Logout,200,OK,text,false,95,95,50,ip-172-31-5-218
1448352070273,30,User Login,200,OK,text,false,95,95,30,ip-172-31-5-218
1448352070293,11,Logout,200,OK,text,false,95,95,11,ip-172-31-5-218
1448352070272,32,Logout,200,OK,text,false,95,95,32,ip-172-31-5-218
1448352070145,68,Register User,200,OK,text,true,95,95,67,ip-172-31-5-218
1448352070251,57,Logout,200,OK,text,false,95,95,57,ip-172-31-5-218
1448352070273,38,Logout,200,OK,text,false,96,96,38,ip-172-31-5-218
1448352070173,139,Update Contact Info,200,OK,text,false,96,96,139,ip-172-31-5-218
1448352070182,131,Logout,200,OK,text,false,96,96,131,ip-172-31-5-218
1448352070174,141,Logout,200,OK,text,false,96,96,141,ip-172-31-5-218
1448352070191,124,User Login,200,OK,text,false,96,96,124,ip-172-31-5-218
1448352070278,25,Logout,200,OK,text,false,96,96,25,ip-172-31-5-218
1448352070307,10,Update Contact Info,200,OK,text,false,96,96,10,ip-172-31-5-218
1448352070243,75,Update Contact Info,200,OK,text,false,97,97,75,ip-172-31-5-218
1448352070258,61,User Login,200,OK,text,false,97,97,61,ip-172-31-5-218
1448352070252,69,Get Product Info,200,OK,text,true,97,97,69,ip-172-31-5-218
1448352070272,49,Get Product Info,200,OK,text,true,97,97,29,ip-172-31-5-218
1448352070249,73,Logout,200,OK,text,false,97,97,73,ip-172-31-5-218
1448352070280,43,Logout,200,OK,text,false,97,97,43,ip-172-31-5-218
1448352070277,13,Logout,200,OK,text,false,95,95,13,ip-172-31-5-218
1448352070267,57,Logout,200,OK,text,false,96,96,57,ip-172-31-5-218
1448352070241,59,Logout,200,OK,text,false,96,96,59,ip-172-31-5-218
1448352070237,88,Logout,200,OK,text,false,96,96,88,ip-172-31-5-218
1448352070270,28,User Login,200,OK,text,false,96,96,28,ip-172-31-5-218
1448352070260,67,Get Product Info,200,OK,text,true,96,96,67,ip-172-31-5-218
1448352070183,51,User Login,200,OK,text,false,96,96,51,ip-172-31-5-218
1448352070252,46,User Login,200,OK,text,false,97,97,46,ip-172-31-5-218
1448352070261,59,Get Product Info,200,OK,text,true,97,97,59,ip-172-31-5-218
1448352070314,17,User Login,200,OK,text,false,97,97,17,ip-172-31-5-218
1448352070316,17,User Login,200,OK,text,false,97,97,17,ip-172-31-5-218
1448352070269,66,User Login,200,OK,text,false,97,97,66,ip-172-31-5-218
1448352070280,56,Get Product Info,200,OK,text,true,97,97,56,ip-172-31-5-218
1448352070279,18,Logout,200,OK,text,false,96,96,18,ip-172-31-5-218
1448352070179,163,User Login,200,OK,text,false,97,97,163,ip-172-31-5-218
1448352070186,156,User Login,200,OK,text,false,97,97,156,ip-172-31-5-218
1448352070136,217,Update Contact Info,200,OK,text,false,98,98,217,ip-172-31-5-218
1448352070313,40,Logout,200,OK,text,false,98,98,40,ip-172-31-5-218
1448352070125,228,Update Contact Info,200,OK,text,false,98,98,228,ip-172-31-5-218
1448352070146,206,Update Contact Info,200,OK,text,false,98,98,206,ip-172-31-5-218
1448352070138,217,User Login,200,OK,text,false,98,98,217,ip-172-31-5-218
1448352070142,209,Logout,200,OK,text,false,98,98,209,ip-172-31-5-218
1448352070128,228,Logout,200,OK,text,false,98,98,228,ip-172-31-5-218
1448352070120,238,User Login,200,OK,text,false,98,98,238,ip-172-31-5-218
1448352070146,213,User Login,200,OK,text,false,98,98,213,ip-172-31-5-218
1448352070134,226,Update Contact Info,200,OK,text,false,98,98,226,ip-172-31-5-218
1448352070184,165,User Login,200,OK,text,false,98,98,165,ip-172-31-5-218
1448352070227,122,User Login,200,OK,text,false,98,98,122,ip-172-31-5-218
1448352070285,64,Register User,200,OK,text,true,98,98,64,ip-172-31-5-218
1448352070208,139,Logout,200,OK,text,false,98,98,139,ip-172-31-5-218
1448352070276,30,User Login,200,OK,text,false,95,95,30,ip-172-31-5-218
1448352070274,91,User Login,200,OK,text,false,99,99,91,ip-172-31-5-218
1448352070281,86,Register User,200,OK,text,true,99,99,86,ip-172-31-5-218
1448352070274,28,User Login,200,OK,text,false,97,97,28,ip-172-31-5-218
1448352070314,56,Register User,200,OK,text,true,99,99,56,ip-172-31-5-218
1448352070321,50,Register User,200,OK,text,true,99,99,50,ip-172-31-5-218
1448352070292,80,Register User,200,OK,text,true,99,99,78,ip-172-31-5-218
1448352070148,199,Get Product Info,200,OK,text,true,98,98,199,ip-172-31-5-218
1448352070292,85,Get Product Info,200,OK,text,true,99,99,85,ip-172-31-5-218
1448352070295,90,Register User,200,OK,text,true,99,99,90,ip-172-31-5-218
1448352070290,105,Register User,200,OK,text,true,99,99,79,ip-172-31-5-218
1448352070318,78,Logout,200,OK,text,false,99,99,78,ip-172-31-5-218
1448352070233,163,User Login,200,OK,text,false,99,99,163,ip-172-31-5-218
1448352070358,39,Logout,200,OK,text,false,99,99,39,ip-172-31-5-218
1448352070157,241,Update Contact Info,200,OK,text,false,99,99,241,ip-172-31-5-218
1448352070316,83,Get Product Info,200,OK,text,true,99,99,83,ip-172-31-5-218
1448352070245,154,Register User,200,OK,text,true,99,99,154,ip-172-31-5-218
1448352070234,166,Register User,200,OK,text,true,99,99,166,ip-172-31-5-218
1448352070293,112,Register User,200,OK,text,true,99,99,79,ip-172-31-5-218
1448352070334,71,Register User,200,OK,text,true,99,99,18,ip-172-31-5-218
1448352070354,53,Logout,200,OK,text,false,99,99,52,ip-172-31-5-218
1448352070359,49,User Login,200,OK,text,false,99,99,49,ip-172-31-5-218
1448352070221,188,User Login,200,OK,text,false,99,99,188,ip-172-31-5-218
1448352070156,255,Update Contact Info,200,OK,text,false,99,99,255,ip-172-31-5-218
1448352070357,55,Logout,200,OK,text,false,99,99,55,ip-172-31-5-218
1448352070324,88,User Login,200,OK,text,false,99,99,88,ip-172-31-5-218
1448352070300,121,Buy Product,200,OK,text,false,99,99,121,ip-172-31-5-218
1448352070280,134,Buy Product,200,OK,text,false,99,99,134,ip-172-31-5-218
1448352070305,126,User Login,200,OK,text,false,98,98,126,ip-172-31-5-218
1448352070368,67,User Login,200,OK,text,false,98,98,67,ip-172-31-5-218
1448352070309,111,User Login,200,OK,text,false,99,99,111,ip-172-31-5-218
1448352070309,103,User Login,200,OK,text,false,99,99,103,ip-172-31-5-218
1448352070305,115,User Login,200,OK,text,false,99,99,115,ip-172-31-5-218
1448352070316,120,User Login,200,OK,text,false,97,97,120,ip-172-31-5-218
1448352070347,72,Register User,200,OK,text,true,99,99,31,ip-172-31-5-218
1448352070357,62,User Login,200,OK,text,false,99,99,62,ip-172-31-5-218
1448352070341,97,User Login,200,OK,text,false,97,97,97,ip-172-31-5-218
1448352070222,188,User Login,200,OK,text,false,99,99,188,ip-172-31-5-218
1448352070386,53,User Login,200,OK,text,false,97,97,53,ip-172-31-5-218
1448352070318,101,User Login,200,OK,text,false,99,99,101,ip-172-31-5-218
1448352070361,57,Logout,200,OK,text,false,99,99,57,ip-172-31-5-218
1448352070401,39,User Login,200,OK,text,false,97,97,39,ip-172-31-5-218
1448352070328,90,Get Product Info,200,OK,text,true,99,99,90,ip-172-31-5-218
1448352070360,58,Update Contact Info,200,OK,text,false,99,99,58,ip-172-31-5-218
1448352070400,42,User Login,200,OK,text,false,97,97,42,ip-172-31-5-218
1448352070296,122,User Login,200,OK,text,false,99,99,122,ip-172-31-5-218
1448352070399,44,Logout,200,OK,text,false,97,97,44,ip-172-31-5-218
1448352070359,58,Update Contact Info,200,OK,text,false,99,99,58,ip-172-31-5-218
1448352070224,193,User Login,200,OK,text,false,99,99,193,ip-172-31-5-218
1448352070396,48,User Login,200,OK,text,false,97,97,48,ip-172-31-5-218
1448352070381,64,Buy Product,200,OK,text,false,97,97,64,ip-172-31-5-218
1448352070323,123,Buy Product,200,OK,text,false,97,97,123,ip-172-31-5-218
1448352070374,73,User Login,200,OK,text,false,95,95,73,ip-172-31-5-218
1448352070326,122,User Login,200,OK,text,true,95,95,122,ip-172-31-5-218
1448352070304,146,User Login,200,OK,text,false,95,95,146,ip-172-31-5-218
1448352070325,126,User Login,200,OK,text,false,95,95,126,ip-172-31-5-218
1448352070306,110,Register User,200,OK,text,true,99,99,110,ip-172-31-5-218
1448352070357,59,User Login,200,OK,text,false,99,99,59,ip-172-31-5-218
1448352070378,56,Buy Product,200,OK,text,false,95,95,56,ip-172-31-5-218
1448352070310,106,Register User,200,OK,text,true,99,99,58,ip-172-31-5-218
1448352070373,61,User Login,200,OK,text,false,98,98,61,ip-172-31-5-218
1448352070307,109,Get Product Info,200,OK,text,true,99,99,109,ip-172-31-5-218
1448352070147,267,Logout,200,OK,text,false,99,99,267,ip-172-31-5-218
1448352070330,86,Get Product Info,200,OK,text,true,99,99,86,ip-172-31-5-218
1448352070282,133,Buy Product,200,OK,text,false,99,99,133,ip-172-31-5-218
1448352070380,76,Get Product Info,200,OK,text,true,94,94,76,ip-172-31-5-218
1448352070190,225,Register User,200,OK,text,true,99,99,225,ip-172-31-5-218
1448352070337,78,Get Product Info,200,OK,text,true,99,99,78,ip-172-31-5-218
1448352070341,73,Get Product Info,200,OK,text,true,99,99,73,ip-172-31-5-218
1448352070366,67,Get Product Info,200,OK,text,true,98,98,67,ip-172-31-5-218
1448352070378,55,Update Contact Info,200,OK,text,false,98,98,55,ip-172-31-5-218
1448352070445,16,Get Product Info,200,OK,text,true,93,93,16,ip-172-31-5-218
1448352070325,108,User Login,200,OK,text,false,98,98,108,ip-172-31-5-218
1448352070363,63,User Login,200,OK,text,false,98,98,63,ip-172-31-5-218
1448352070356,68,Update Contact Info,200,OK,text,false,98,98,68,ip-172-31-5-218
1448352070159,266,Update Contact Info,200,OK,text,false,98,98,266,ip-172-31-5-218
1448352070380,52,Get Product Info,200,OK,text,true,98,98,52,ip-172-31-5-218
1448352070398,34,User Login,200,OK,text,false,98,98,34,ip-172-31-5-218
1448352070334,97,Get Product Info,200,OK,text,true,98,98,97,ip-172-31-5-218
1448352070454,13,User Login,200,OK,text,false,93,93,13,ip-172-31-5-218
1448352070440,29,Update Contact Info,200,OK,text,false,93,93,29,ip-172-31-5-218
1448352070375,56,Get Product Info,200,OK,text,true,98,98,56,ip-172-31-5-218
1448352070453,18,Get Product Info,200,OK,text,true,93,93,18,ip-172-31-5-218
1448352070459,13,Buy Product,200,OK,text,false,93,93,13,ip-172-31-5-218
1448352070326,104,User Login,200,OK,text,true,98,98,101,ip-172-31-5-218
1448352070332,98,Get Product Info,200,OK,text,true,98,98,98,ip-172-31-5-218
1448352070397,77,User Login,200,OK,text,true,92,92,77,ip-172-31-5-218
1448352070337,93,Buy Product,200,OK,text,false,98,98,93,ip-172-31-5-218
1448352070304,125,Get Product Info,200,OK,text,true,98,98,125,ip-172-31-5-218
1448352070457,19,Buy Product,200,OK,text,false,91,91,19,ip-172-31-5-218
1448352070328,101,Buy Product,200,OK,text,false,98,98,101,ip-172-31-5-218
1448352070348,81,User Login,200,OK,text,false,98,98,81,ip-172-31-5-218
1448352070406,71,User Login,200,OK,text,false,89,89,71,ip-172-31-5-218
1448352070374,54,User Login,200,OK,text,false,98,98,54,ip-172-31-5-218
1448352070373,55,User Login,200,OK,text,false,98,98,55,ip-172-31-5-218
1448352070374,54,Get Product Info,200,OK,text,true,98,98,53,ip-172-31-5-218
1448352070322,105,Buy Product,200,OK,text,false,98,98,105,ip-172-31-5-218
1448352070337,90,Get Product Info,200,OK,text,true,98,98,90,ip-172-31-5-218
1448352070438,42,Update Contact Info,200,OK,text,false,88,88,42,ip-172-31-5-218
1448352070369,58,Register User,200,OK,text,true,98,98,27,ip-172-31-5-218
1448352070324,102,User Login,200,OK,text,false,98,98,102,ip-172-31-5-218
1448352070439,43,Get Product Info,200,OK,text,true,88,88,43,ip-172-31-5-218
1448352070320,106,Get Product Info,200,OK,text,true,98,98,106,ip-172-31-5-218
1448352070338,87,Logout,200,OK,text,false,98,98,87,ip-172-31-5-218
1448352070434,50,Get Product Info,200,OK,text,true,88,88,50,ip-172-31-5-218
1448352070362,63,Get Product Info,200,OK,text,true,98,98,63,ip-172-31-5-218
1448352070364,61,Register User,200,OK,text,true,98,98,22,ip-172-31-5-218
1448352070400,50,Update Contact Info,200,OK,text,false,88,88,50,ip-172-31-5-218
1448352070336,88,Buy Product,200,OK,text,false,98,98,88,ip-172-31-5-218
1448352070298,125,Buy Product,200,OK,text,false,98,98,125,ip-172-31-5-218
1448352070301,121,User Login,200,OK,text,false,98,98,121,ip-172-31-5-218
1448352070457,39,User Login,200,OK,text,false,86,86,39,ip-172-31-5-218
1448352070442,55,Logout,200,OK,text,false,86,86,55,ip-172-31-5-218
1448352070473,26,Get Product Info,200,OK,text,true,86,86,26,ip-172-31-5-218
1448352070442,58,Buy Product,200,OK,text,false,86,86,58,ip-172-31-5-218
1448352070485,17,Buy Product,200,OK,text,false,85,85,17,ip-172-31-5-218
1448352070483,20,Buy Product,200,OK,text,false,85,85,20,ip-172-31-5-218
1448352070452,14,User Login,200,OK,text,false,93,93,14,ip-172-31-5-218
1448352070421,33,User Login,200,OK,text,false,85,85,33,ip-172-31-5-218
1448352070486,19,User Login,200,OK,text,false,85,85,19,ip-172-31-5-218
1448352070440,65,Get Product Info,200,OK,text,true,85,85,65,ip-172-31-5-218
1448352070484,23,User Login,200,OK,text,false,85,85,23,ip-172-31-5-218
1448352070487,21,Get Product Info,200,OK,text,true,85,85,21,ip-172-31-5-218
1448352070457,51,Buy Product,200,OK,text,false,85,85,51,ip-172-31-5-218
1448352070462,47,Buy Product,200,OK,text,false,85,85,47,ip-172-31-5-218
1448352070480,30,Buy Product,200,OK,text,false,85,85,30,ip-172-31-5-218
1448352070468,42,Update Contact Info,200,OK,text,false,85,85,42,ip-172-31-5-218
1448352070482,29,Get Product Info,200,OK,text,true,85,85,29,ip-172-31-5-218
1448352070472,36,Buy Product,200,OK,text,false,85,85,36,ip-172-31-5-218
1448352070479,33,Buy Product,200,OK,text,false,85,85,33,ip-172-31-5-218
1448352070482,30,User Login,200,OK,text,false,85,85,30,ip-172-31-5-218
1448352070478,36,Get Product Info,200,OK,text,true,85,85,36,ip-172-31-5-218
1448352070479,35,Update Contact Info,200,OK,text,false,85,85,35,ip-172-31-5-218
1448352070447,68,Get Product Info,200,OK,text,true,85,85,68,ip-172-31-5-218
1448352070470,45,Logout,200,OK,text,false,85,85,45,ip-172-31-5-218
1448352070474,42,Update Contact Info,200,OK,text,false,85,85,42,ip-172-31-5-218
1448352070452,68,Get Product Info,200,OK,text,true,82,82,68,ip-172-31-5-218
1448352070479,42,Logout,200,OK,text,false,82,82,42,ip-172-31-5-218
1448352070411,112,Get Product Info,200,OK,text,true,82,82,112,ip-172-31-5-218
1448352070458,65,Get Product Info,200,OK,text,true,82,82,65,ip-172-31-5-218
1448352070448,76,Update Contact Info,200,OK,text,false,82,82,76,ip-172-31-5-218
1448352070408,113,User Login,200,OK,text,false,82,82,113,ip-172-31-5-218
1448352070409,117,Get Product Info,200,OK,text,true,82,82,117,ip-172-31-5-218
1448352070455,69,User Login,200,OK,text,true,82,82,69,ip-172-31-5-218
1448352070457,70,Update Contact Info,200,OK,text,false,82,82,70,ip-172-31-5-218
1448352070459,69,Get Product Info,200,OK,text,true,82,82,69,ip-172-31-5-218
1448352070437,92,User Login,200,OK,text,false,82,82,92,ip-172-31-5-218
1448352070436,94,Update Contact Info,200,OK,text,false,82,82,94,ip-172-31-5-218
1448352070443,48,Get Product Info,200,OK,text,true,86,86,48,ip-172-31-5-218
1448352070458,73,Update Contact Info,200,OK,text,false,82,82,73,ip-172-31-5-218
1448352070435,97,Get Product Info,200,OK,text,true,82,82,97,ip-172-31-5-218
1448352070437,95,Get Product Info,200,OK,text,true,82,82,95,ip-172-31-5-218
1448352070441,93,Update Contact Info,200,OK,text,false,82,82,93,ip-172-31-5-218
1448352070480,54,Get Product Info,200,OK,text,true,82,82,54,ip-172-31-5-218
1448352070412,123,Logout,200,OK,text,false,82,82,123,ip-172-31-5-218
1448352070444,91,User Login,200,OK,text,false,82,82,91,ip-172-31-5-218
1448352070445,91,Update Contact Info,200,OK,text,false,82,82,91,ip-172-31-5-218
1448352070400,101,Buy Product,200,OK,text,false,86,86,101,ip-172-31-5-218
1448352070459,79,Buy Product,200,OK,text,false,82,82,79,ip-172-31-5-218
1448352070511,7,Logout,200,OK,text,false,82,82,7,ip-172-31-5-218
1448352070413,126,User Login,200,OK,text,false,82,82,126,ip-172-31-5-218
1448352070490,40,Buy Product,200,OK,text,false,82,82,40,ip-172-31-5-218
1448352070450,90,Get Product Info,200,OK,text,true,81,81,90,ip-172-31-5-218
1448352070481,31,Buy Product,200,OK,text,false,81,81,31,ip-172-31-5-218
1448352070478,66,Update Contact Info,200,OK,text,false,79,79,66,ip-172-31-5-218
1448352070458,87,Buy Product,200,OK,text,false,79,79,87,ip-172-31-5-218
1448352070475,68,Get Product Info,200,OK,text,true,79,79,67,ip-172-31-5-218
1448352070486,62,Logout,200,OK,text,false,77,77,62,ip-172-31-5-218
1448352070527,20,Get Product Info,200,OK,text,true,73,73,20,ip-172-31-5-218
1448352070500,38,Logout,200,OK,text,false,82,82,38,ip-172-31-5-218
1448352070504,18,Update Contact Info,200,OK,text,false,73,73,18,ip-172-31-5-218
1448352070483,71,Buy Product,200,OK,text,false,73,73,71,ip-172-31-5-218
1448352070536,18,Get Product Info,200,OK,text,true,73,73,18,ip-172-31-5-218
1448352070521,34,Buy Product,200,OK,text,false,72,72,34,ip-172-31-5-218
1448352070479,77,Buy Product,200,OK,text,false,71,71,77,ip-172-31-5-218
1448352070468,90,Buy Product,200,OK,text,false,70,70,90,ip-172-31-5-218
1448352070444,115,Logout,200,OK,text,false,69,69,115,ip-172-31-5-218
1448352070447,113,Get Product Info,200,OK,text,true,69,69,113,ip-172-31-5-218
1448352070526,36,Get Product Info,200,OK,text,true,69,69,36,ip-172-31-5-218
1448352070439,124,Get Product Info,200,OK,text,true,69,69,124,ip-172-31-5-218
1448352070528,36,Buy Product,200,OK,text,false,69,69,36,ip-172-31-5-218
1448352070441,125,User Login,200,OK,text,false,68,68,125,ip-172-31-5-218
1448352070476,91,Buy Product,200,OK,text,false,68,68,91,ip-172-31-5-218
1448352070513,56,Update Contact Info,200,OK,text,false,67,67,56,ip-172-31-5-218
1448352070456,115,Buy Product,200,OK,text,false,67,67,115,ip-172-31-5-218
1448352070532,40,Logout,200,OK,text,false,66,66,40,ip-172-31-5-218
1448352070529,45,Buy Product,200,OK,text,false,66,66,45,ip-172-31-5-218
1448352070533,42,Update Contact Info,200,OK,text,false,66,66,42,ip-172-31-5-218
1448352070533,42,Buy Product,200,OK,text,false,66,66,42,ip-172-31-5-218
1448352070481,95,Logout,200,OK,text,false,65,65,95,ip-172-31-5-218
1448352070548,28,Logout,200,OK,text,false,65,65,28,ip-172-31-5-218
1448352070532,45,Buy Product,200,OK,text,false,65,65,45,ip-172-31-5-218
1448352070528,50,Logout,200,OK,text,false,65,65,50,ip-172-31-5-218
1448352070530,49,Update Contact Info,200,OK,text,false,64,64,49,ip-172-31-5-218
1448352070536,43,User Login,200,OK,text,false,64,64,43,ip-172-31-5-218
1448352070516,64,Buy Product,200,OK,text,false,64,64,64,ip-172-31-5-218
1448352070531,49,Logout,200,OK,text,false,64,64,49,ip-172-31-5-218
1448352070540,41,Buy Product,200,OK,text,false,63,63,41,ip-172-31-5-218
1448352070547,35,Buy Product,200,OK,text,false,62,62,35,ip-172-31-5-218
1448352070525,58,Logout,200,OK,text,false,62,62,58,ip-172-31-5-218
1448352070515,68,Buy Product,200,OK,text,false,62,62,68,ip-172-31-5-218
1448352070556,28,Logout,200,OK,text,false,61,61,28,ip-172-31-5-218
1448352070537,47,Logout,200,OK,text,false,61,61,47,ip-172-31-5-218
1448352070553,33,User Login,200,OK,text,false,61,61,32,ip-172-31-5-218
1448352070467,119,Get Product Info,200,OK,text,true,61,61,119,ip-172-31-5-218
1448352070540,47,Get Product Info,200,OK,text,true,61,61,47,ip-172-31-5-218
1448352070539,48,User Login,200,OK,text,false,61,61,48,ip-172-31-5-218
1448352070478,110,Get Product Info,200,OK,text,true,61,61,110,ip-172-31-5-218
1448352070533,49,Buy Product,200,OK,text,false,61,61,49,ip-172-31-5-218
1448352070549,40,User Login,200,OK,text,true,60,60,38,ip-172-31-5-218
1448352070509,82,Buy Product,200,OK,text,false,60,60,82,ip-172-31-5-218
1448352070545,47,Logout,200,OK,text,false,59,59,47,ip-172-31-5-218
1448352070517,77,Logout,200,OK,text,false,59,59,77,ip-172-31-5-218
1448352070512,83,Buy Product,200,OK,text,false,59,59,83,ip-172-31-5-218
1448352070516,80,User Login,200,OK,text,false,58,58,80,ip-172-31-5-218
1448352070576,21,Logout,200,OK,text,false,58,58,21,ip-172-31-5-218
1448352070506,92,Update Contact Info,200,OK,text,false,58,58,92,ip-172-31-5-218
1448352070585,14,User Login,200,OK,text,false,58,58,14,ip-172-31-5-218
1448352070548,51,Get Product Info,200,OK,text,true,58,58,51,ip-172-31-5-218
1448352070524,66,Buy Product,200,OK,text,false,60,60,66,ip-172-31-5-218
1448352070473,97,Logout,200,OK,text,false,67,67,97,ip-172-31-5-218
1448352070580,23,Logout,200,OK,text,false,56,56,23,ip-172-31-5-218
1448352070485,121,Buy Product,200,OK,text,false,55,55,121,ip-172-31-5-218
1448352070598,8,User Login,200,OK,text,false,55,55,8,ip-172-31-5-218
1448352070553,54,Logout,200,OK,text,false,55,55,54,ip-172-31-5-218
1448352070537,70,Buy Product,200,OK,text,true,55,55,70,ip-172-31-5-218
1448352070497,123,Update Contact Info,200,OK,text,false,53,53,123,ip-172-31-5-218
1448352070573,50,User Login,200,OK,text,false,53,53,50,ip-172-31-5-218
1448352070588,33,Get Product Info,200,OK,text,true,53,53,33,ip-172-31-5-218
1448352070498,129,User Login,200,OK,text,false,53,53,129,ip-172-31-5-218
1448352070564,62,Buy Product,200,OK,text,false,53,53,62,ip-172-31-5-218
1448352070600,26,Get Product Info,200,OK,text,true,53,53,26,ip-172-31-5-218
1448352070586,35,Get Product Info,200,OK,text,true,53,53,35,ip-172-31-5-218
1448352070605,24,Buy Product,200,OK,text,false,52,52,24,ip-172-31-5-218
1448352070560,70,User Login,200,OK,text,false,51,51,70,ip-172-31-5-218
1448352070593,33,Get Product Info,200,OK,text,true,51,51,33,ip-172-31-5-218
1448352070608,23,User Login,200,OK,text,false,51,51,23,ip-172-31-5-218
1448352070609,22,Get Product Info,200,OK,text,true,51,51,22,ip-172-31-5-218
1448352070604,28,Buy Product,200,OK,text,false,51,51,28,ip-172-31-5-218
1448352070552,68,Buy Product,200,OK,text,true,53,53,68,ip-172-31-5-218
1448352070561,73,Buy Product,200,OK,text,false,49,49,73,ip-172-31-5-218
1448352070585,50,User Login,200,OK,text,false,48,48,50,ip-172-31-5-218
1448352070605,31,Buy Product,200,OK,text,false,48,48,31,ip-172-31-5-218
1448352070522,115,User Login,200,OK,text,false,47,47,115,ip-172-31-5-218
1448352070570,69,Logout,200,OK,text,false,47,47,69,ip-172-31-5-218
1448352070588,52,Buy Product,200,OK,text,false,47,47,52,ip-172-31-5-218
1448352070608,33,Get Product Info,200,OK,text,true,46,46,33,ip-172-31-5-218
1448352070632,11,Buy Product,200,OK,text,false,46,46,11,ip-172-31-5-218
1448352070500,143,Buy Product,200,OK,text,false,46,46,143,ip-172-31-5-218
1448352070633,11,Buy Product,200,OK,text,false,44,44,11,ip-172-31-5-218
1448352070597,47,Get Product Info,200,OK,text,true,44,44,47,ip-172-31-5-218
1448352070633,12,Buy Product,200,OK,text,false,43,43,12,ip-172-31-5-218
1448352070603,42,User Login,200,OK,text,true,42,42,42,ip-172-31-5-218
1448352070630,16,Buy Product,200,OK,text,false,42,42,16,ip-172-31-5-218
1448352070577,65,User Login,200,OK,text,true,46,46,65,ip-172-31-5-218
1448352070599,48,Buy Product,200,OK,text,true,41,41,48,ip-172-31-5-218
1448352070613,35,User Login,200,OK,text,false,40,40,35,ip-172-31-5-218
1448352070600,50,Buy Product,200,OK,text,false,40,40,50,ip-172-31-5-218
1448352070240,411,Update Contact Info,200,OK,text,true,39,39,411,ip-172-31-5-218
1448352070589,64,Buy Product,200,OK,text,false,39,39,64,ip-172-31-5-218
1448352070647,6,Get Product Info,200,OK,text,true,38,38,6,ip-172-31-5-218
1448352070577,77,User Login,200,OK,text,false,38,38,77,ip-172-31-5-218
1448352070599,56,Logout,200,OK,text,false,38,38,56,ip-172-31-5-218
1448352070593,63,User Login,200,OK,text,false,38,38,63,ip-172-31-5-218
1448352070542,116,Buy Product,200,OK,text,true,38,38,116,ip-172-31-5-218
1448352070580,79,Get Product Info,200,OK,text,true,38,38,79,ip-172-31-5-218
1448352070584,76,User Login,200,OK,text,false,38,38,76,ip-172-31-5-218
1448352070604,57,User Login,200,OK,text,false,38,38,57,ip-172-31-5-218
1448352070621,42,Logout,200,OK,text,false,38,38,42,ip-172-31-5-218
1448352070608,56,User Login,200,OK,text,false,38,38,56,ip-172-31-5-218
1448352070631,34,Buy Product,200,OK,text,true,38,38,34,ip-172-31-5-218
1448352070581,81,User Login,200,OK,text,true,38,38,81,ip-172-31-5-218
1448352070624,43,Get Product Info,200,OK,text,true,37,37,43,ip-172-31-5-218
1448352070660,15,Buy Product,200,OK,text,false,36,36,15,ip-172-31-5-218
1448352070657,20,Get Product Info,200,OK,text,true,35,35,20,ip-172-31-5-218
1448352070628,51,Get Product Info,200,OK,text,true,35,35,51,ip-172-31-5-218
1448352070649,31,Get Product Info,200,OK,text,true,35,35,31,ip-172-31-5-218
1448352070656,25,User Login,200,OK,text,false,35,35,25,ip-172-31-5-218
1448352070654,27,Buy Product,200,OK,text,true,35,35,27,ip-172-31-5-218
1448352070638,45,Get Product Info,200,OK,text,true,34,34,45,ip-172-31-5-218
1448352070645,38,Buy Product,200,OK,text,false,34,34,38,ip-172-31-5-218
1448352070640,44,User Login,200,OK,text,false,33,33,44,ip-172-31-5-218
1448352070636,48,Get Product Info,200,OK,text,true,33,33,48,ip-172-31-5-218
1448352070666,19,Get Product Info,200,OK,text,true,33,33,19,ip-172-31-5-218
1448352070652,33,Logout,200,OK,text,true,33,33,33,ip-172-31-5-218
1448352070661,26,Get Product Info,200,OK,text,true,33,33,26,ip-172-31-5-218
1448352070664,23,User Login,200,OK,text,false,33,33,23,ip-172-31-5-218
1448352070666,22,Get Product Info,200,OK,text,true,33,33,22,ip-172-31-5-218
1448352070666,23,Get Product Info,200,OK,text,true,33,33,23,ip-172-31-5-218
1448352070642,44,Buy Product,200,OK,text,false,33,33,44,ip-172-31-5-218
1448352070632,46,Get Product Info,200,OK,text,true,35,35,46,ip-172-31-5-218
1448352070680,14,Buy Product,200,OK,text,false,32,32,14,ip-172-31-5-218
1448352070681,12,Buy Product,200,OK,text,false,32,32,12,ip-172-31-5-218
1448352070674,22,Get Product Info,200,OK,text,true,31,31,22,ip-172-31-5-218
1448352070665,31,Get Product Info,200,OK,text,true,32,32,31,ip-172-31-5-218
1448352070684,11,Buy Product,200,OK,text,false,32,32,11,ip-172-31-5-218
1448352070688,8,Get Product Info,200,OK,text,true,29,29,8,ip-172-31-5-218
1448352070675,23,Get Product Info,200,OK,text,true,29,29,23,ip-172-31-5-218
1448352070678,17,Buy Product,200,OK,text,false,32,32,17,ip-172-31-5-218
1448352070668,34,Buy Product,200,OK,text,false,28,28,34,ip-172-31-5-218
1448352070686,17,Buy Product,200,OK,text,false,28,28,17,ip-172-31-5-218
1448352070689,15,Buy Product,200,OK,text,false,27,27,15,ip-172-31-5-218
1448352070698,6,Buy Product,200,OK,text,false,27,27,6,ip-172-31-5-218
1448352070690,15,Buy Product,200,OK,text,false,25,25,15,ip-172-31-5-218
1448352070682,24,Get Product Info,200,OK,text,true,24,24,24,ip-172-31-5-218
1448352070685,9,Buy Product,200,OK,text,false,32,32,9,ip-172-31-5-218
1448352070685,23,Get Product Info,200,OK,text,true,24,24,23,ip-172-31-5-218
1448352070688,19,Buy Product,200,OK,text,false,24,24,19,ip-172-31-5-218
1448352070693,18,Buy Product,200,OK,text,false,22,22,18,ip-172-31-5-218
1448352070699,12,Buy Product,200,OK,text,false,22,22,12,ip-172-31-5-218
1448352070708,10,Buy Product,200,OK,text,false,19,19,10,ip-172-31-5-218
1448352070710,9,Buy Product,200,OK,text,false,18,18,9,ip-172-31-5-218
1448352070690,45,User Login,200,OK,text,false,17,17,45,ip-172-31-5-218
1448352070700,36,Buy Product,200,OK,text,true,17,17,36,ip-172-31-5-218
1448352070698,43,Buy Product,200,OK,text,true,16,16,43,ip-172-31-5-218
1448352070735,8,Get Product Info,200,OK,text,true,15,15,8,ip-172-31-5-218
1448352070743,5,Buy Product,200,OK,text,false,15,15,5,ip-172-31-5-218
1448352069847,50481,Register User,200,OK,text,false,14,14,50471,ip-172-31-5-218
1448352069672,50661,Register User,200,OK,text,false,14,14,50646,ip-172-31-5-218
1448352069574,50764,Register User,200,OK,text,false,14,14,50744,ip-172-31-5-218
1448352069717,50627,Register User,200,OK,text,false,14,14,50602,ip-172-31-5-218
1448352120340,6,User Login,200,OK,text,false,14,14,6,ip-172-31-5-218
1448352069738,50611,Register User,200,OK,text,false,14,14,50582,ip-172-31-5-218
1448352069940,50414,Register User,200,OK,text,false,14,14,50414,ip-172-31-5-218
1448352120350,6,User Login,200,OK,text,false,14,14,6,ip-172-31-5-218
1448352069649,50706,Register User,200,OK,text,false,14,14,50671,ip-172-31-5-218
1448352070114,50244,Register User,200,OK,text,true,14,14,50244,ip-172-31-5-218
1448352120354,6,User Login,200,OK,text,false,14,14,5,ip-172-31-5-218
1448352120356,4,Update Contact Info,200,OK,text,false,14,14,4,ip-172-31-5-218
1448352069621,50740,Register User,200,OK,text,false,14,14,50703,ip-172-31-5-218
1448352120358,6,User Login,200,OK,text,false,14,14,6,ip-172-31-5-218
1448352120361,4,Logout,200,OK,text,false,14,14,4,ip-172-31-5-218
1448352069684,50681,Register User,200,OK,text,false,14,14,50638,ip-172-31-5-218
1448352120362,5,User Login,200,OK,text,false,14,14,5,ip-172-31-5-218
1448352120329,40,User Login,200,OK,text,false,14,14,40,ip-172-31-5-218
1448352120344,26,User Login,200,OK,text,false,14,14,26,ip-172-31-5-218
1448352120364,6,Update Contact Info,200,OK,text,false,14,14,6,ip-172-31-5-218
1448352120365,6,User Login,200,OK,text,false,14,14,6,ip-172-31-5-218
1448352120356,15,User Login,200,OK,text,false,14,14,15,ip-172-31-5-218
1448352069740,50630,Register User,200,OK,text,false,14,14,50584,ip-172-31-5-218
1448352120367,6,Update Contact Info,200,OK,text,false,14,14,6,ip-172-31-5-218
1448352120333,41,User Login,200,OK,text,false,14,14,41,ip-172-31-5-218
1448352120346,29,Update Contact Info,200,OK,text,false,14,14,29,ip-172-31-5-218
1448352120360,16,Update Contact Info,200,OK,text,false,14,14,16,ip-172-31-5-218
1448352120366,10,User Login,200,OK,text,false,14,14,10,ip-172-31-5-218
1448352120371,6,Get Product Info,200,OK,text,true,14,14,6,ip-172-31-5-218
1448352120372,6,Update Contact Info,200,OK,text,false,14,14,6,ip-172-31-5-218
1448352120369,7,Update Contact Info,200,OK,text,false,14,14,7,ip-172-31-5-218
1448352120372,7,User Login,200,OK,text,false,14,14,7,ip-172-31-5-218
1448352120374,5,Update Contact Info,200,OK,text,false,14,14,5,ip-172-31-5-218
1448352120373,7,Logout,200,OK,text,false,14,14,7,ip-172-31-5-218
1448352120370,11,Update Contact Info,200,OK,text,false,14,14,11,ip-172-31-5-218
1448352120377,6,Update Contact Info,200,OK,text,false,14,14,6,ip-172-31-5-218
1448352120378,5,Logout,200,OK,text,false,14,14,5,ip-172-31-5-218
1448352120379,5,Logout,200,OK,text,false,14,14,5,ip-172-31-5-218
1448352120379,6,Update Contact Info,200,OK,text,false,14,14,6,ip-172-31-5-218
1448352120377,8,Logout,200,OK,text,false,14,14,8,ip-172-31-5-218
1448352120375,11,Logout,200,OK,text,false,14,14,11,ip-172-31-5-218
1448352120378,9,Buy Product,200,OK,text,false,14,14,9,ip-172-31-5-218
1448352120380,8,Logout,200,OK,text,false,14,14,8,ip-172-31-5-218
1448352120381,7,User Login,200,OK,text,false,14,14,7,ip-172-31-5-218
1448352120373,17,Logout,200,OK,text,false,13,13,17,ip-172-31-5-218
1448352120383,7,Logout,200,OK,text,false,13,13,7,ip-172-31-5-218
1448352120385,6,Logout,200,OK,text,false,13,13,6,ip-172-31-5-218
1448352120384,7,User Login,200,OK,text,false,13,13,7,ip-172-31-5-218
1448352120384,6,User Login,200,OK,text,false,13,13,5,ip-172-31-5-218
1448352120382,10,Logout,200,OK,text,false,13,13,10,ip-172-31-5-218
1448352120386,8,User Login,200,OK,text,false,13,13,8,ip-172-31-5-218
1448352120386,8,User Login,200,OK,text,false,13,13,8,ip-172-31-5-218
1448352120388,7,User Login,200,OK,text,false,13,13,7,ip-172-31-5-218
1448352120391,7,User Login,200,OK,text,false,13,13,7,ip-172-31-5-218
1448352120389,10,Get Product Info,200,OK,text,true,13,13,10,ip-172-31-5-218
1448352120390,9,User Login,200,OK,text,false,13,13,9,ip-172-31-5-218
1448352120393,7,User Login,200,OK,text,false,13,13,7,ip-172-31-5-218
1448352120392,8,Get Product Info,200,OK,text,true,13,13,8,ip-172-31-5-218
1448352120392,8,Get Product Info,200,OK,text,true,13,13,8,ip-172-31-5-218
1448352120392,9,User Login,200,OK,text,false,13,13,9,ip-172-31-5-218
1448352120394,7,Get Product Info,200,OK,text,true,13,13,7,ip-172-31-5-218
1448352120395,6,Get Product Info,200,OK,text,true,13,13,6,ip-172-31-5-218
1448352120395,7,Get Product Info,200,OK,text,true,13,13,7,ip-172-31-5-218
1448352120400,4,Buy Product,200,OK,text,false,13,13,4,ip-172-31-5-218
1448352120399,6,Buy Product,200,OK,text,false,12,12,6,ip-172-31-5-218
1448352120399,7,Get Product Info,200,OK,text,true,11,11,7,ip-172-31-5-218
1448352120401,5,Buy Product,200,OK,text,false,11,11,5,ip-172-31-5-218
1448352120399,8,Get Product Info,200,OK,text,true,11,11,8,ip-172-31-5-218
1448352120401,6,Get Product Info,200,OK,text,true,11,11,6,ip-172-31-5-218
1448352120402,5,Buy Product,200,OK,text,false,10,10,5,ip-172-31-5-218
1448352120400,8,Get Product Info,200,OK,text,true,10,10,8,ip-172-31-5-218
1448352120404,5,Buy Product,200,OK,text,false,9,9,5,ip-172-31-5-218
1448352120407,5,Buy Product,200,OK,text,false,8,8,4,ip-172-31-5-218
1448352120406,6,Buy Product,200,OK,text,false,8,8,6,ip-172-31-5-218
1448352120407,5,Buy Product,200,OK,text,false,6,6,5,ip-172-31-5-218
1448352120404,9,Buy Product,200,OK,text,false,5,5,9,ip-172-31-5-218
1448352120408,6,Buy Product,200,OK,text,false,4,4,6,ip-172-31-5-218
1448352070087,51267,Register User,200,OK,text,false,3,3,51267,ip-172-31-5-218
1448352070051,51303,Register User,200,OK,text,false,3,3,51303,ip-172-31-5-218
1448352070284,51074,Register User,200,OK,text,false,3,3,51074,ip-172-31-5-218
1448352121355,6,User Login,200,OK,text,false,3,3,6,ip-172-31-5-218
1448352121355,7,User Login,200,OK,text,false,3,3,7,ip-172-31-5-218
1448352121359,6,User Login,200,OK,text,false,3,3,6,ip-172-31-5-218
1448352121362,5,Update Contact Info,200,OK,text,false,3,3,5,ip-172-31-5-218
1448352121362,5,Update Contact Info,200,OK,text,false,3,3,5,ip-172-31-5-218
1448352121365,5,Update Contact Info,200,OK,text,false,3,3,5,ip-172-31-5-218
1448352121367,4,Logout,200,OK,text,false,3,3,4,ip-172-31-5-218
1448352121367,5,Logout,200,OK,text,false,3,3,5,ip-172-31-5-218
1448352121370,4,Logout,200,OK,text,false,3,3,4,ip-172-31-5-218
1448352121372,5,User Login,200,OK,text,false,3,3,5,ip-172-31-5-218
1448352121371,7,User Login,200,OK,text,false,3,3,7,ip-172-31-5-218
1448352121375,5,User Login,200,OK,text,false,3,3,5,ip-172-31-5-218
1448352121378,6,Get Product Info,200,OK,text,true,3,3,6,ip-172-31-5-218
1448352121378,6,Get Product Info,200,OK,text,true,3,3,6,ip-172-31-5-218
1448352121380,7,Get Product Info,200,OK,text,true,3,3,7,ip-172-31-5-218
1448352121384,5,Buy Product,200,OK,text,false,3,3,5,ip-172-31-5-218
1448352121384,6,Buy Product,200,OK,text,false,2,2,6,ip-172-31-5-218
1448352121387,4,Buy Product,200,OK,text,false,1,1,4,ip-172-31-5-218
